codigo,descripcion
011110,Descripción de actividad económica 011110
011111,Descripción de actividad económica 011111
011112,Descripción de actividad económica 011112
011113,Descripción de actividad económica 011113
011114,Descripción de actividad económica 011114
011115,Descripción de actividad económica 011115
011116,Descripción de actividad económica 011116
011117,Descripción de actividad económica 011117
011118,Descripción de actividad económica 011118
011119,Descripción de actividad económica 011119
011120,Descripción de actividad económica 011120
011121,Descripción de actividad económica 011121
011122,Descripción de actividad económica 011122
011123,Descripción de actividad económica 011123
011124,Descripción de actividad económica 011124
011125,Descripción de actividad económica 011125
011126,Descripción de actividad económica 011126
011127,Descripción de actividad económica 011127
011128,Descripción de actividad económica 011128
011129,Descripción de actividad económica 011129
011130,Descripción de actividad económica 011130
011131,Descripción de actividad económica 011131
011132,Descripción de actividad económica 011132
011133,Descripción de actividad económica 011133
011134,Descripción de actividad económica 011134
011135,Descripción de actividad económica 011135
011136,Descripción de actividad económica 011136
011137,Descripción de actividad económica 011137
011138,Descripción de actividad económica 011138
011139,Descripción de actividad económica 011139
011140,Descripción de actividad económica 011140
011141,Descripción de actividad económica 011141
011142,Descripción de actividad económica 011142
011143,Descripción de actividad económica 011143
011144,Descripción de actividad económica 011144
011145,Descripción de actividad económica 011145
011146,Descripción de actividad económica 011146
011147,Descripción de actividad económica 011147
011148,Descripción de actividad económica 011148
011149,Descripción de actividad económica 011149
011150,Descripción de actividad económica 011150
011151,Descripción de actividad económica 011151
011152,Descripción de actividad económica 011152
011153,Descripción de actividad económica 011153
011154,Descripción de actividad económica 011154
011155,Descripción de actividad económica 011155
011156,Descripción de actividad económica 011156
011157,Descripción de actividad económica 011157
011158,Descripción de actividad económica 011158
011159,Descripción de actividad económica 011159
011160,Descripción de actividad económica 011160
011161,Descripción de actividad económica 011161
011162,Descripción de actividad económica 011162
011163,Descripción de actividad económica 011163
011164,Descripción de actividad económica 011164
011165,Descripción de actividad económica 011165
011166,Descripción de actividad económica 011166
011167,Descripción de actividad económica 011167
011168,Descripción de actividad económica 011168
011169,Descripción de actividad económica 011169
011170,Descripción de actividad económica 011170
011171,Descripción de actividad económica 011171
011172,Descripción de actividad económica 011172
011173,Descripción de actividad económica 011173
011174,Descripción de actividad económica 011174
011175,Descripción de actividad económica 011175
011176,Descripción de actividad económica 011176
011177,Descripción de actividad económica 011177
011178,Descripción de actividad económica 011178
011179,Descripción de actividad económica 011179
011180,Descripción de actividad económica 011180
011181,Descripción de actividad económica 011181
011182,Descripción de actividad económica 011182
011183,Descripción de actividad económica 011183
011184,Descripción de actividad económica 011184
011185,Descripción de actividad económica 011185
011186,Descripción de actividad económica 011186
011187,Descripción de actividad económica 011187
011188,Descripción de actividad económica 011188
011189,Descripción de actividad económica 011189
011190,Descripción de actividad económica 011190
011191,Descripción de actividad económica 011191
011192,Descripción de actividad económica 011192
011193,Descripción de actividad económica 011193
011194,Descripción de actividad económica 011194
011195,Descripción de actividad económica 011195
011196,Descripción de actividad económica 011196
011197,Descripción de actividad económica 011197
011198,Descripción de actividad económica 011198
011199,Descripción de actividad económica 011199
011200,Descripción de actividad económica 011200
011201,Descripción de actividad económica 011201
011202,Descripción de actividad económica 011202
011203,Descripción de actividad económica 011203
011204,Descripción de actividad económica 011204
011205,Descripción de actividad económica 011205
011206,Descripción de actividad económica 011206
011207,Descripción de actividad económica 011207
011208,Descripción de actividad económica 011208
011209,Descripción de actividad económica 011209
011210,Descripción de actividad económica 011210
011211,Descripción de actividad económica 011211
011212,Descripción de actividad económica 011212
011213,Descripción de actividad económica 011213
011214,Descripción de actividad económica 011214
011215,Descripción de actividad económica 011215
011216,Descripción de actividad económica 011216
011217,Descripción de actividad económica 011217
011218,Descripción de actividad económica 011218
011219,Descripción de actividad económica 011219
011220,Descripción de actividad económica 011220
011221,Descripción de actividad económica 011221
011222,Descripción de actividad económica 011222
011223,Descripción de actividad económica 011223
011224,Descripción de actividad económica 011224
011225,Descripción de actividad económica 011225
011226,Descripción de actividad económica 011226
011227,Descripción de actividad económica 011227
011228,Descripción de actividad económica 011228
011229,Descripción de actividad económica 011229
011230,Descripción de actividad económica 011230
011231,Descripción de actividad económica 011231
011232,Descripción de actividad económica 011232
011233,Descripción de actividad económica 011233
011234,Descripción de actividad económica 011234
011235,Descripción de actividad económica 011235
011236,Descripción de actividad económica 011236
011237,Descripción de actividad económica 011237
011238,Descripción de actividad económica 011238
011239,Descripción de actividad económica 011239
011240,Descripción de actividad económica 011240
011241,Descripción de actividad económica 011241
011242,Descripción de actividad económica 011242
011243,Descripción de actividad económica 011243
011244,Descripción de actividad económica 011244
011245,Descripción de actividad económica 011245
011246,Descripción de actividad económica 011246
011247,Descripción de actividad económica 011247
011248,Descripción de actividad económica 011248
011249,Descripción de actividad económica 011249
011250,Descripción de actividad económica 011250
011251,Descripción de actividad económica 011251
011252,Descripción de actividad económica 011252
011253,Descripción de actividad económica 011253
011254,Descripción de actividad económica 011254
011255,Descripción de actividad económica 011255
011256,Descripción de actividad económica 011256
011257,Descripción de actividad económica 011257
011258,Descripción de actividad económica 011258
011259,Descripción de actividad económica 011259
011260,Descripción de actividad económica 011260
011261,Descripción de actividad económica 011261
011262,Descripción de actividad económica 011262
011263,Descripción de actividad económica 011263
011264,Descripción de actividad económica 011264
011265,Descripción de actividad económica 011265
011266,Descripción de actividad económica 011266
011267,Descripción de actividad económica 011267
011268,Descripción de actividad económica 011268
011269,Descripción de actividad económica 011269
011270,Descripción de actividad económica 011270
011271,Descripción de actividad económica 011271
011272,Descripción de actividad económica 011272
011273,Descripción de actividad económica 011273
011274,Descripción de actividad económica 011274
011275,Descripción de actividad económica 011275
011276,Descripción de actividad económica 011276
011277,Descripción de actividad económica 011277
011278,Descripción de actividad económica 011278
011279,Descripción de actividad económica 011279
011280,Descripción de actividad económica 011280
011281,Descripción de actividad económica 011281
011282,Descripción de actividad económica 011282
011283,Descripción de actividad económica 011283
011284,Descripción de actividad económica 011284
011285,Descripción de actividad económica 011285
011286,Descripción de actividad económica 011286
011287,Descripción de actividad económica 011287
011288,Descripción de actividad económica 011288
011289,Descripción de actividad económica 011289
011290,Descripción de actividad económica 011290
011291,Descripción de actividad económica 011291
011292,Descripción de actividad económica 011292
011293,Descripción de actividad económica 011293
011294,Descripción de actividad económica 011294
011295,Descripción de actividad económica 011295
011296,Descripción de actividad económica 011296
011297,Descripción de actividad económica 011297
011298,Descripción de actividad económica 011298
011299,Descripción de actividad económica 011299
011300,Descripción de actividad económica 011300
011301,Descripción de actividad económica 011301
011302,Descripción de actividad económica 011302
011303,Descripción de actividad económica 011303
011304,Descripción de actividad económica 011304
011305,Descripción de actividad económica 011305
011306,Descripción de actividad económica 011306
011307,Descripción de actividad económica 011307
011308,Descripción de actividad económica 011308
011309,Descripción de actividad económica 011309
011310,Descripción de actividad económica 011310
011311,Descripción de actividad económica 011311
011312,Descripción de actividad económica 011312
011313,Descripción de actividad económica 011313
011314,Descripción de actividad económica 011314
011315,Descripción de actividad económica 011315
011316,Descripción de actividad económica 011316
011317,Descripción de actividad económica 011317
011318,Descripción de actividad económica 011318
011319,Descripción de actividad económica 011319
011320,Descripción de actividad económica 011320
011321,Descripción de actividad económica 011321
011322,Descripción de actividad económica 011322
011323,Descripción de actividad económica 011323
011324,Descripción de actividad económica 011324
011325,Descripción de actividad económica 011325
011326,Descripción de actividad económica 011326
011327,Descripción de actividad económica 011327
011328,Descripción de actividad económica 011328
011329,Descripción de actividad económica 011329
011330,Descripción de actividad económica 011330
011331,Descripción de actividad económica 011331
011332,Descripción de actividad económica 011332
011333,Descripción de actividad económica 011333
011334,Descripción de actividad económica 011334
011335,Descripción de actividad económica 011335
011336,Descripción de actividad económica 011336
011337,Descripción de actividad económica 011337
011338,Descripción de actividad económica 011338
011339,Descripción de actividad económica 011339
011340,Descripción de actividad económica 011340
011341,Descripción de actividad económica 011341
011342,Descripción de actividad económica 011342
011343,Descripción de actividad económica 011343
011344,Descripción de actividad económica 011344
011345,Descripción de actividad económica 011345
011346,Descripción de actividad económica 011346
011347,Descripción de actividad económica 011347
011348,Descripción de actividad económica 011348
011349,Descripción de actividad económica 011349
011350,Descripción de actividad económica 011350
011351,Descripción de actividad económica 011351
011352,Descripción de actividad económica 011352
011353,Descripción de actividad económica 011353
011354,Descripción de actividad económica 011354
011355,Descripción de actividad económica 011355
011356,Descripción de actividad económica 011356
011357,Descripción de actividad económica 011357
011358,Descripción de actividad económica 011358
011359,Descripción de actividad económica 011359
011360,Descripción de actividad económica 011360
011361,Descripción de actividad económica 011361
011362,Descripción de actividad económica 011362
011363,Descripción de actividad económica 011363
011364,Descripción de actividad económica 011364
011365,Descripción de actividad económica 011365
011366,Descripción de actividad económica 011366
011367,Descripción de actividad económica 011367
011368,Descripción de actividad económica 011368
011369,Descripción de actividad económica 011369
011370,Descripción de actividad económica 011370
011371,Descripción de actividad económica 011371
011372,Descripción de actividad económica 011372
011373,Descripción de actividad económica 011373
011374,Descripción de actividad económica 011374
011375,Descripción de actividad económica 011375
011376,Descripción de actividad económica 011376
011377,Descripción de actividad económica 011377
011378,Descripción de actividad económica 011378
011379,Descripción de actividad económica 011379
011380,Descripción de actividad económica 011380
011381,Descripción de actividad económica 011381
011382,Descripción de actividad económica 011382
011383,Descripción de actividad económica 011383
011384,Descripción de actividad económica 011384
011385,Descripción de actividad económica 011385
011386,Descripción de actividad económica 011386
011387,Descripción de actividad económica 011387
011388,Descripción de actividad económica 011388
011389,Descripción de actividad económica 011389
011390,Descripción de actividad económica 011390
011391,Descripción de actividad económica 011391
011392,Descripción de actividad económica 011392
011393,Descripción de actividad económica 011393
011394,Descripción de actividad económica 011394
011395,Descripción de actividad económica 011395
011396,Descripción de actividad económica 011396
011397,Descripción de actividad económica 011397
011398,Descripción de actividad económica 011398
011399,Descripción de actividad económica 011399
011400,Descripción de actividad económica 011400
011401,Descripción de actividad económica 011401
011402,Descripción de actividad económica 011402
011403,Descripción de actividad económica 011403
011404,Descripción de actividad económica 011404
011405,Descripción de actividad económica 011405
011406,Descripción de actividad económica 011406
011407,Descripción de actividad económica 011407
011408,Descripción de actividad económica 011408
011409,Descripción de actividad económica 011409
011410,Descripción de actividad económica 011410
011411,Descripción de actividad económica 011411
011412,Descripción de actividad económica 011412
011413,Descripción de actividad económica 011413
011414,Descripción de actividad económica 011414
011415,Descripción de actividad económica 011415
011416,Descripción de actividad económica 011416
011417,Descripción de actividad económica 011417
011418,Descripción de actividad económica 011418
011419,Descripción de actividad económica 011419
011420,Descripción de actividad económica 011420
011421,Descripción de actividad económica 011421
011422,Descripción de actividad económica 011422
011423,Descripción de actividad económica 011423
011424,Descripción de actividad económica 011424
011425,Descripción de actividad económica 011425
011426,Descripción de actividad económica 011426
011427,Descripción de actividad económica 011427
011428,Descripción de actividad económica 011428
011429,Descripción de actividad económica 011429
011430,Descripción de actividad económica 011430
011431,Descripción de actividad económica 011431
011432,Descripción de actividad económica 011432
011433,Descripción de actividad económica 011433
011434,Descripción de actividad económica 011434
011435,Descripción de actividad económica 011435
011436,Descripción de actividad económica 011436
011437,Descripción de actividad económica 011437
011438,Descripción de actividad económica 011438
011439,Descripción de actividad económica 011439
011440,Descripción de actividad económica 011440
011441,Descripción de actividad económica 011441
011442,Descripción de actividad económica 011442
011443,Descripción de actividad económica 011443
011444,Descripción de actividad económica 011444
011445,Descripción de actividad económica 011445
011446,Descripción de actividad económica 011446
011447,Descripción de actividad económica 011447
011448,Descripción de actividad económica 011448
011449,Descripción de actividad económica 011449
011450,Descripción de actividad económica 011450
011451,Descripción de actividad económica 011451
011452,Descripción de actividad económica 011452
011453,Descripción de actividad económica 011453
011454,Descripción de actividad económica 011454
011455,Descripción de actividad económica 011455
011456,Descripción de actividad económica 011456
011457,Descripción de actividad económica 011457
011458,Descripción de actividad económica 011458
011459,Descripción de actividad económica 011459
011460,Descripción de actividad económica 011460
011461,Descripción de actividad económica 011461
011462,Descripción de actividad económica 011462
011463,Descripción de actividad económica 011463
011464,Descripción de actividad económica 011464
011465,Descripción de actividad económica 011465
011466,Descripción de actividad económica 011466
011467,Descripción de actividad económica 011467
011468,Descripción de actividad económica 011468
011469,Descripción de actividad económica 011469
011470,Descripción de actividad económica 011470
011471,Descripción de actividad económica 011471
011472,Descripción de actividad económica 011472
011473,Descripción de actividad económica 011473
011474,Descripción de actividad económica 011474
011475,Descripción de actividad económica 011475
011476,Descripción de actividad económica 011476
011477,Descripción de actividad económica 011477
011478,Descripción de actividad económica 011478
011479,Descripción de actividad económica 011479
011480,Descripción de actividad económica 011480
011481,Descripción de actividad económica 011481
011482,Descripción de actividad económica 011482
011483,Descripción de actividad económica 011483
011484,Descripción de actividad económica 011484
011485,Descripción de actividad económica 011485
011486,Descripción de actividad económica 011486
011487,Descripción de actividad económica 011487
011488,Descripción de actividad económica 011488
011489,Descripción de actividad económica 011489
011490,Descripción de actividad económica 011490
011491,Descripción de actividad económica 011491
011492,Descripción de actividad económica 011492
011493,Descripción de actividad económica 011493
011494,Descripción de actividad económica 011494
011495,Descripción de actividad económica 011495
011496,Descripción de actividad económica 011496
011497,Descripción de actividad económica 011497
011498,Descripción de actividad económica 011498
011499,Descripción de actividad económica 011499
011500,Descripción de actividad económica 011500
011501,Descripción de actividad económica 011501
011502,Descripción de actividad económica 011502
011503,Descripción de actividad económica 011503
011504,Descripción de actividad económica 011504
011505,Descripción de actividad económica 011505
011506,Descripción de actividad económica 011506
011507,Descripción de actividad económica 011507
011508,Descripción de actividad económica 011508
011509,Descripción de actividad económica 011509
011510,Descripción de actividad económica 011510
011511,Descripción de actividad económica 011511
011512,Descripción de actividad económica 011512
011513,Descripción de actividad económica 011513
011514,Descripción de actividad económica 011514
011515,Descripción de actividad económica 011515
011516,Descripción de actividad económica 011516
011517,Descripción de actividad económica 011517
011518,Descripción de actividad económica 011518
011519,Descripción de actividad económica 011519
011520,Descripción de actividad económica 011520
011521,Descripción de actividad económica 011521
011522,Descripción de actividad económica 011522
011523,Descripción de actividad económica 011523
011524,Descripción de actividad económica 011524
011525,Descripción de actividad económica 011525
011526,Descripción de actividad económica 011526
011527,Descripción de actividad económica 011527
011528,Descripción de actividad económica 011528
011529,Descripción de actividad económica 011529
011530,Descripción de actividad económica 011530
011531,Descripción de actividad económica 011531
011532,Descripción de actividad económica 011532
011533,Descripción de actividad económica 011533
011534,Descripción de actividad económica 011534
011535,Descripción de actividad económica 011535
011536,Descripción de actividad económica 011536
011537,Descripción de actividad económica 011537
011538,Descripción de actividad económica 011538
011539,Descripción de actividad económica 011539
011540,Descripción de actividad económica 011540
011541,Descripción de actividad económica 011541
011542,Descripción de actividad económica 011542
011543,Descripción de actividad económica 011543
011544,Descripción de actividad económica 011544
011545,Descripción de actividad económica 011545
011546,Descripción de actividad económica 011546
011547,Descripción de actividad económica 011547
011548,Descripción de actividad económica 011548
011549,Descripción de actividad económica 011549
011550,Descripción de actividad económica 011550
011551,Descripción de actividad económica 011551
011552,Descripción de actividad económica 011552
011553,Descripción de actividad económica 011553
011554,Descripción de actividad económica 011554
011555,Descripción de actividad económica 011555
011556,Descripción de actividad económica 011556
011557,Descripción de actividad económica 011557
011558,Descripción de actividad económica 011558
011559,Descripción de actividad económica 011559
011560,Descripción de actividad económica 011560
011561,Descripción de actividad económica 011561
011562,Descripción de actividad económica 011562
011563,Descripción de actividad económica 011563
011564,Descripción de actividad económica 011564
011565,Descripción de actividad económica 011565
011566,Descripción de actividad económica 011566
011567,Descripción de actividad económica 011567
011568,Descripción de actividad económica 011568
011569,Descripción de actividad económica 011569
011570,Descripción de actividad económica 011570
011571,Descripción de actividad económica 011571
011572,Descripción de actividad económica 011572
011573,Descripción de actividad económica 011573
011574,Descripción de actividad económica 011574
011575,Descripción de actividad económica 011575
011576,Descripción de actividad económica 011576
011577,Descripción de actividad económica 011577
011578,Descripción de actividad económica 011578
011579,Descripción de actividad económica 011579
011580,Descripción de actividad económica 011580
011581,Descripción de actividad económica 011581
011582,Descripción de actividad económica 011582
011583,Descripción de actividad económica 011583
011584,Descripción de actividad económica 011584
011585,Descripción de actividad económica 011585
011586,Descripción de actividad económica 011586
011587,Descripción de actividad económica 011587
011588,Descripción de actividad económica 011588
011589,Descripción de actividad económica 011589
011590,Descripción de actividad económica 011590
011591,Descripción de actividad económica 011591
011592,Descripción de actividad económica 011592
011593,Descripción de actividad económica 011593
011594,Descripción de actividad económica 011594
011595,Descripción de actividad económica 011595
011596,Descripción de actividad económica 011596
011597,Descripción de actividad económica 011597
011598,Descripción de actividad económica 011598
011599,Descripción de actividad económica 011599
011600,Descripción de actividad económica 011600
011601,Descripción de actividad económica 011601
011602,Descripción de actividad económica 011602
011603,Descripción de actividad económica 011603
011604,Descripción de actividad económica 011604
011605,Descripción de actividad económica 011605
011606,Descripción de actividad económica 011606
011607,Descripción de actividad económica 011607
011608,Descripción de actividad económica 011608
011609,Descripción de actividad económica 011609
011610,Descripción de actividad económica 011610
011611,Descripción de actividad económica 011611
011612,Descripción de actividad económica 011612
011613,Descripción de actividad económica 011613
011614,Descripción de actividad económica 011614
011615,Descripción de actividad económica 011615
011616,Descripción de actividad económica 011616
011617,Descripción de actividad económica 011617
011618,Descripción de actividad económica 011618
011619,Descripción de actividad económica 011619
011620,Descripción de actividad económica 011620
011621,Descripción de actividad económica 011621
011622,Descripción de actividad económica 011622
011623,Descripción de actividad económica 011623
011624,Descripción de actividad económica 011624
011625,Descripción de actividad económica 011625
011626,Descripción de actividad económica 011626
011627,Descripción de actividad económica 011627
011628,Descripción de actividad económica 011628
011629,Descripción de actividad económica 011629
011630,Descripción de actividad económica 011630
011631,Descripción de actividad económica 011631
011632,Descripción de actividad económica 011632
011633,Descripción de actividad económica 011633
011634,Descripción de actividad económica 011634
011635,Descripción de actividad económica 011635
011636,Descripción de actividad económica 011636
011637,Descripción de actividad económica 011637
011638,Descripción de actividad económica 011638
011639,Descripción de actividad económica 011639
011640,Descripción de actividad económica 011640
011641,Descripción de actividad económica 011641
011642,Descripción de actividad económica 011642
011643,Descripción de actividad económica 011643
011644,Descripción de actividad económica 011644
011645,Descripción de actividad económica 011645
011646,Descripción de actividad económica 011646
011647,Descripción de actividad económica 011647
011648,Descripción de actividad económica 011648
011649,Descripción de actividad económica 011649
011650,Descripción de actividad económica 011650
011651,Descripción de actividad económica 011651
011652,Descripción de actividad económica 011652
011653,Descripción de actividad económica 011653
011654,Descripción de actividad económica 011654
011655,Descripción de actividad económica 011655
011656,Descripción de actividad económica 011656
011657,Descripción de actividad económica 011657
011658,Descripción de actividad económica 011658
011659,Descripción de actividad económica 011659
011660,Descripción de actividad económica 011660
011661,Descripción de actividad económica 011661
011662,Descripción de actividad económica 011662
011663,Descripción de actividad económica 011663
011664,Descripción de actividad económica 011664
011665,Descripción de actividad económica 011665
011666,Descripción de actividad económica 011666
011667,Descripción de actividad económica 011667
011668,Descripción de actividad económica 011668
011669,Descripción de actividad económica 011669
011670,Descripción de actividad económica 011670
011671,Descripción de actividad económica 011671
011672,Descripción de actividad económica 011672
011673,Descripción de actividad económica 011673
011674,Descripción de actividad económica 011674
011675,Descripción de actividad económica 011675
011676,Descripción de actividad económica 011676
011677,Descripción de actividad económica 011677
011678,Descripción de actividad económica 011678
011679,Descripción de actividad económica 011679
011680,Descripción de actividad económica 011680
011681,Descripción de actividad económica 011681
011682,Descripción de actividad económica 011682
011683,Descripción de actividad económica 011683
011684,Descripción de actividad económica 011684
011685,Descripción de actividad económica 011685
011686,Descripción de actividad económica 011686
011687,Descripción de actividad económica 011687
011688,Descripción de actividad económica 011688
011689,Descripción de actividad económica 011689
011690,Descripción de actividad económica 011690
011691,Descripción de actividad económica 011691
011692,Descripción de actividad económica 011692
011693,Descripción de actividad económica 011693
011694,Descripción de actividad económica 011694
011695,Descripción de actividad económica 011695
011696,Descripción de actividad económica 011696
011697,Descripción de actividad económica 011697
011698,Descripción de actividad económica 011698
011699,Descripción de actividad económica 011699
011700,Descripción de actividad económica 011700
011701,Descripción de actividad económica 011701
011702,Descripción de actividad económica 011702
011703,Descripción de actividad económica 011703
011704,Descripción de actividad económica 011704
011705,Descripción de actividad económica 011705
011706,Descripción de actividad económica 011706
011707,Descripción de actividad económica 011707
011708,Descripción de actividad económica 011708
011709,Descripción de actividad económica 011709
011710,Descripción de actividad económica 011710
011711,Descripción de actividad económica 011711
011712,Descripción de actividad económica 011712
011713,Descripción de actividad económica 011713
011714,Descripción de actividad económica 011714
011715,Descripción de actividad económica 011715
011716,Descripción de actividad económica 011716
011717,Descripción de actividad económica 011717
011718,Descripción de actividad económica 011718
011719,Descripción de actividad económica 011719
011720,Descripción de actividad económica 011720
011721,Descripción de actividad económica 011721
011722,Descripción de actividad económica 011722
011723,Descripción de actividad económica 011723
011724,Descripción de actividad económica 011724
011725,Descripción de actividad económica 011725
011726,Descripción de actividad económica 011726
011727,Descripción de actividad económica 011727
011728,Descripción de actividad económica 011728
011729,Descripción de actividad económica 011729
011730,Descripción de actividad económica 011730
011731,Descripción de actividad económica 011731
011732,Descripción de actividad económica 011732
011733,Descripción de actividad económica 011733
011734,Descripción de actividad económica 011734
011735,Descripción de actividad económica 011735
011736,Descripción de actividad económica 011736
011737,Descripción de actividad económica 011737
011738,Descripción de actividad económica 011738
011739,Descripción de actividad económica 011739
011740,Descripción de actividad económica 011740
011741,Descripción de actividad económica 011741
011742,Descripción de actividad económica 011742
011743,Descripción de actividad económica 011743
011744,Descripción de actividad económica 011744
011745,Descripción de actividad económica 011745
011746,Descripción de actividad económica 011746
011747,Descripción de actividad económica 011747
011748,Descripción de actividad económica 011748
011749,Descripción de actividad económica 011749
011750,Descripción de actividad económica 011750
011751,Descripción de actividad económica 011751
011752,Descripción de actividad económica 011752
011753,Descripción de actividad económica 011753
011754,Descripción de actividad económica 011754
011755,Descripción de actividad económica 011755
011756,Descripción de actividad económica 011756
011757,Descripción de actividad económica 011757
011758,Descripción de actividad económica 011758
011759,Descripción de actividad económica 011759
011760,Descripción de actividad económica 011760
011761,Descripción de actividad económica 011761
011762,Descripción de actividad económica 011762
011763,Descripción de actividad económica 011763
011764,Descripción de actividad económica 011764
011765,Descripción de actividad económica 011765
011766,Descripción de actividad económica 011766
011767,Descripción de actividad económica 011767
011768,Descripción de actividad económica 011768
011769,Descripción de actividad económica 011769
011770,Descripción de actividad económica 011770
011771,Descripción de actividad económica 011771
011772,Descripción de actividad económica 011772
011773,Descripción de actividad económica 011773
011774,Descripción de actividad económica 011774
011775,Descripción de actividad económica 011775
011776,Descripción de actividad económica 011776
011777,Descripción de actividad económica 011777
011778,Descripción de actividad económica 011778
011779,Descripción de actividad económica 011779
011780,Descripción de actividad económica 011780
011781,Descripción de actividad económica 011781
011782,Descripción de actividad económica 011782
011783,Descripción de actividad económica 011783
011784,Descripción de actividad económica 011784
011785,Descripción de actividad económica 011785
011786,Descripción de actividad económica 011786
011787,Descripción de actividad económica 011787
011788,Descripción de actividad económica 011788
011789,Descripción de actividad económica 011789
011790,Descripción de actividad económica 011790
011791,Descripción de actividad económica 011791
011792,Descripción de actividad económica 011792
011793,Descripción de actividad económica 011793
011794,Descripción de actividad económica 011794
011795,Descripción de actividad económica 011795
011796,Descripción de actividad económica 011796
011797,Descripción de actividad económica 011797
011798,Descripción de actividad económica 011798
011799,Descripción de actividad económica 011799
011800,Descripción de actividad económica 011800
011801,Descripción de actividad económica 011801
011802,Descripción de actividad económica 011802
011803,Descripción de actividad económica 011803
011804,Descripción de actividad económica 011804
011805,Descripción de actividad económica 011805
011806,Descripción de actividad económica 011806
011807,Descripción de actividad económica 011807
011808,Descripción de actividad económica 011808
011809,Descripción de actividad económica 011809
